{"cameraMode":{"drawMode":0,"name":"Shaded","section":"Shading Mode"},"sceneLighting":false,"audioPlay":false,"sceneViewState":{"m_AlwaysRefresh":false,"showFog":false,"showSkybox":false,"showFlares":false,"showImageEffects":false,"showParticleSystems":false,"showVisualEffectGraphs":true,"m_FxEnabled":true},"in2DMode":false,"pivot":{"x":0.10875195264816284,"y":0.7512307167053223,"z":0.15104827284812928},"rotation":{"x":0.002155205002054572,"y":0.9967842698097229,"z":-0.07489954680204392,"w":0.028711285442113878},"size":1.5695393085479737,"orthographic":false}